id,displayName,
169607,Alastair Gray,
71184,Max Andrews,
1608055,Hamish Stewart,
54522,Julian Cash,
235413,George Loffhagen,
1518607,Andrew Jackson,
208928,Emile Hudd,
386466,Lee Childs,
168011,Jack Molloy,
235420,Jacob Fearnley,
263864,Jack Pinnington Jones,
751621,Charles Broom,
4258,Richard Bloomfield,
274896,Arthur Fery,
253155,Connor Thomson ,
56725,Aswin Lizen,
1740249,Felix Gill,
53094,Clay Crawford,
5016,Neil Pauffley,
67648,Mason Recci,
54551,Scott Clayton,
82651,Scott Duncan,
114411,Ewan Moore,
4062,Daniel Cox,
53095,David Fox,
1032847,Henry Patten,
219037,Joshua Goodger,
219041,George Houghton,
10798,Laura Robson,
352537,Natalia Ilkow,
297199,Amarni Banks,
980526,Claire Degubernatis,
273297,Sonay Kartal,
1604466,Nazia Van San,
1618751,Suzy Larkin,
981292,Megan Davies,
1920250,Eliz Maloney,
219118,Victoria Allen ,
176786,Naomi Cavaday,
1951357,Predrag Mutavdzic,
85003,Holly Hutchinson,
374252,Holly Fischer,
168024,Ali Collins,
293590,Eva Shaw,
219115,Destinee Martins,
270061,Tanysha Dissanayake,
1711831,Eden Richardson ,
261236,Kylie Bilchev,
273957,Eva Siska,
304112,Grace Piper,
219057,Erin Richardson,
273283,Amelia Bissett,
1033847,Nell Miller,
114414,Emma Wilson,
