id,displayName
66307,Emily Arbuthnott
90462,Jonathan Gray
246644,James Story
280935,Lui Maxted
1609443,Harry Wendleken
1609451,Derrick Chen
263706,Joel Pierleoni
1609460,Harry Lazell
304044,Luca Pow
281430,Hugo Cochlin
304281,Sofia Johnson
1622683,Henry Searle
909652,Rana Akua Stoiber
301312,Given Roach
981249,Sophya Devas
279479,Sameul Reeve
1286055,Matthew Rankin
1626007,Hannah Read
304063,Ella Mcdonald
819353,Talia Neilson-Gatenby
317145,Henry Jefferson
411657,Hephzibah Oluwadare
304095,Millie Skelton
899868,Hannah Rylatt
1195662,Kristina Paskauskas
913416,Benjamin Gusic-Wan
475396,Oliver Bonding
1626027,Imogen Haddad
361685,Jadesola Cole
472317,Joseph MAZINGHAM
705847,Thomas VALE
370997,Abby KELLIHER
377533,Lois NEWBERRY
753267,Mingge Xu
317148,Jamie Diack
493427,Samy Khediri
279513,Jaquelyn Ogunwale
317157,Kai-Luca Ampaw
274895,Toby Samuel
1929230,Luka Petrovic
1785067,Jasmine Conway
273283,Amelia Bissett
